"month","BU/OU","vendor","consumers","input_tokens","output_tokens","total_tokens","input_tokens_millions","output_tokens_millions","total_tokens_millions","percent","sync_key"
"2026-05","needs_attention","Tokenhub","xu_weibing;zhu_zhibo;wang_hai;wu_zhongyi","97870789.0","2929276.0","100800065.0","97.87","2.93","100.8","88.14","2026-05|needs_attention|Tokenhub"
"2026-05","needs_attention","Bailian","nextgen;xu_weibing;zhu_zhibo;feng_xiaochun;wang_wenhuan","11588247.0","1773708.0","13361955.0","11.59","1.77","13.36","11.68","2026-05|needs_attention|Bailian"
"2026-05","全球数智科技部","Bailian","","143854.0","480.0","144334.0","0.14","0.0","0.14","0.13","2026-05|全球数智科技部|Bailian"
"2026-05","全球数智科技部","Tokenhub","","34267.8","954.6","35222.4","0.03","0.0","0.04","0.03","2026-05|全球数智科技部|Tokenhub"
"2026-05","生物制药开发及生产业务部","Tokenhub","","22845.2","636.4","23481.6","0.02","0.0","0.02","0.02","2026-05|生物制药开发及生产业务部|Tokenhub"
"2026-06","needs_attention","Tokenhub","atlas_control_tower;feng_xiaochun;nextgen;wang_lingyi;wu_yiling;wu_zhongyi;zhu_zhibo;hu_qinlong_ext;ian_yu;lu_jiajin002;shao_gq002_ext;wang_hai;xas_physicochemical_analysis_assistant;xu_lei;xu_weibing;zhang_yu_ext;gao_jingwei;Peng_Kai;wang_wenhuan;zhao_dongsheng;wu_tingyi002;shan_tingting_ext;zhang_gongyi;huang_chunyan_ext;ma_yingwei;zhao_wenqi;Liu_Xiao004;xia_weiyi;Shen_Jialiang;gao_jiahao;du_zefang","4246823348.1000004","63796837.30000003","4310620185.4","4246.82","63.8","4310.62","25.19","2026-06|needs_attention|Tokenhub"
"2026-06","needs_attention","Bailian","Peng_Kai;Zhang_YuChen;nextgen;wang_wenhuan;wang_yi003_ext;wu_yiling;wu_zhongyi;zhao_dongsheng;zhu_zhibo;atlas_control_tower;feng_xiaochun;hu_qinlong_ext;qian_guangjie;ALKG_Dev;xu_weibing;zhao_wenqi;Xu_Shu;du_zefang;gao_jingwei;shan_tingting_ext;ma_yingwei;zhang_gongyi;xu_lei;ian_yu;wang_lingyi","3455139773.9","73137242.7","3528277016.6000004","3455.14","73.14","3528.28","20.62","2026-06|needs_attention|Bailian"
"2026-06","全球数智科技部","Tokenhub","","2673729445.9800005","39691966.599999994","2713421412.5800014","2673.73","39.69","2713.42","15.86","2026-06|全球数智科技部|Tokenhub"
"2026-06","生物制药开发及生产业务部","Tokenhub","","2644056054.6199994","48420012.80000003","2692476067.4200015","2644.06","48.42","2692.48","15.73","2026-06|生物制药开发及生产业务部|Tokenhub"
"2026-06","生物制药开发及生产业务部","Bailian","","2630879645.3800006","58106443.399999976","2688986088.78","2630.88","58.11","2688.99","15.71","2026-06|生物制药开发及生产业务部|Bailian"
"2026-06","全球数智科技部","Bailian","","1009784066.0199997","7342000.199999998","1017126066.22","1009.78","7.34","1017.13","5.94","2026-06|全球数智科技部|Bailian"
"2026-06","全球客户解决方案部","Tokenhub","","117910572.3","820615.9","118731188.20000002","117.91","0.82","118.73","0.69","2026-06|全球客户解决方案部|Tokenhub"
"2026-06","全球生物药研发业务部","Bailian","","22335951.400000002","929673.4","23265624.8","22.34","0.93","23.27","0.14","2026-06|全球生物药研发业务部|Bailian"
"2026-06","全球客户解决方案部","Bailian","","12917188.700000001","283149.10000000003","13200337.8","12.92","0.28","13.2","0.08","2026-06|全球客户解决方案部|Bailian"
"2026-06","全球生物药研发业务部","Tokenhub","","4693155.6","1509513.6","6202669.199999999","4.69","1.51","6.2","0.04","2026-06|全球生物药研发业务部|Tokenhub"
"2026-07","全球数智科技部","Tokenhub","","10392445944.879993","152985474.35999998","10545431419.240005","10392.45","152.99","10545.43","27.29","2026-07|全球数智科技部|Tokenhub"
"2026-07","生物制药开发及生产业务部","Tokenhub","","9259866408.82","157960639.4399998","9417827048.260002","9259.87","157.96","9417.83","24.37","2026-07|生物制药开发及生产业务部|Tokenhub"
"2026-07","needs_attention","Tokenhub","atlas_control_tower;du_zefang;feng_xiaochun;nextgen;wang_wenhuan;zhao_dongsheng;zhu_zhibo;Peng_Kai;gao_jiahao;lu_jiajin002;shao_gq002_ext;sophia_jiao;wang_hai;wu_tingyi002;wu_zhongyi;xu_lei;xu_weibing;zhang_gongyi;zhang_yu_ext;Shen_Jialiang;wang_lingyi;wu_yiling;zhao_wenqi;hu_qinlong_ext;bruce_xu;liu_lian;Liu_Xiao004;ian_yu;Zhang_Peng003;xia_weiyi;xas_physicochemical_analysis_assistant;xas_project_management_assistant;wang_yuxi_ext;D4X;jiang_ke;gao_jingwei;missing_consumer;he_naixuan","7638004084.999996","119649371.80000001","7757653456.800001","7638.0","119.65","7757.65","20.08","2026-07|needs_attention|Tokenhub"
"2026-07","needs_attention","Bailian","ALKG_Dev;Peng_Kai;Zhang_YuChen;atlas_control_tower;du_zefang;feng_xiaochun;nextgen;wang_wenhuan;wu_yiling;zhao_dongsheng;zhao_wenqi;zhu_zhibo;hu_qinlong_ext;wu_zhongyi;wang_lingyi;zhang_gongyi;wang_yi003_ext;xu_weibing;Shen_Jialiang;gao_jingwei;shan_tingting_ext;Zhang_Peng003;Liu_Xiao004;wang_yuxi_ext;liu_lian;ma_yingwei;xas_physicochemical_analysis_assistant;jiang_ke;bruce_xu","4726045988.0","137228910.19999996","4863274898.199999","4726.05","137.23","4863.27","12.59","2026-07|needs_attention|Bailian"
"2026-07","生物制药开发及生产业务部","Bailian","","4303837856.98","75598384.36000006","4379436241.339998","4303.84","75.6","4379.44","11.33","2026-07|生物制药开发及生产业务部|Bailian"
"2026-07","全球数智科技部","Bailian","","1202457709.3199997","11697799.84000001","1214155509.1600006","1202.46","11.7","1214.16","3.14","2026-07|全球数智科技部|Bailian"
"2026-07","全球生物药研发业务部","Bailian","","145922532.3","23250288.799999997","169172821.1","145.92","23.25","169.17","0.44","2026-07|全球生物药研发业务部|Bailian"
"2026-07","全球运营管理部","Tokenhub","","94002874.8","505568.69999999995","94508443.5","94.0","0.51","94.51","0.24","2026-07|全球运营管理部|Tokenhub"
"2026-07","全球生物药研发业务部","Tokenhub","","64189254.69999999","9277825.200000001","73467079.9","64.19","9.28","73.47","0.19","2026-07|全球生物药研发业务部|Tokenhub"
"2026-07","全球客户解决方案部","Tokenhub","","56383223.900000006","2451924.3000000003","58835148.199999996","56.38","2.45","58.84","0.15","2026-07|全球客户解决方案部|Tokenhub"
"2026-07","全球运营管理部","Bailian","","28853797.2","172497.30000000002","29026294.500000004","28.85","0.17","29.03","0.08","2026-07|全球运营管理部|Bailian"
"2026-07","全球生产部（美国及亚太）","Bailian","","26288018.0","25447.0","26313465.0","26.29","0.03","26.31","0.07","2026-07|全球生产部（美国及亚太）|Bailian"
"2026-07","全球客户解决方案部","Bailian","","3284225.1","1009029.7","4293254.800000001","3.28","1.01","4.29","0.01","2026-07|全球客户解决方案部|Bailian"
"2026-07","全球质量部","Bailian","","2420904.0","460479.0","2881383.0","2.42","0.46","2.88","0.01","2026-07|全球质量部|Bailian"
"2026-07","全球生产部（美国及亚太区）","Bailian","","2655399.4","137890.3","2793289.7","2.66","0.14","2.79","0.01","2026-07|全球生产部（美国及亚太区）|Bailian"
"2026-07","全球生产部（美国及亚太区）","Tokenhub","","3127.6000000000004","2030.6999999999998","5158.299999999999","0.0","0.0","0.01","0.0","2026-07|全球生产部（美国及亚太区）|Tokenhub"
"2026-08","needs_attention","Tokenhub","feng_xiaochun;nextgen;wang_wenhuan;zhu_zhibo;atlas_control_tower;hu_qinlong_ext;wu_zhongyi;du_zefang;jiang_ke;wang_yuxi_ext;zhao_dongsheng;zhao_wenqi;gao_jingwei;lu_jiajin002;shao_gq002_ext;wang_hai;wu_tingyi002;xas_physicochemical_analysis_assistant;xas_project_management_assistant;xia_weiyi;xu_lei;xu_weibing;zhang_yu_ext;missing_consumer;Zhang_YuChen;gao_jiahao;wang_lingyi;Shen_Jialiang;huang_chunyan_ext;wu_yiling;MBR-TTP_Mapping_a_test;Zhang_Jun002;zhang_gongyi;Wei_ShaoQiang;he_naixuan;bruce_xu;ian_yu;sophia_jiao;D4X","17059820796.0","151354080.0","17211174876.0","17059.82","151.35","17211.17","29.89","2026-08|needs_attention|Tokenhub"
"2026-08","全球数智科技部","Tokenhub","","16483577074.199997","210355969.40000007","16693933043.600004","16483.58","210.36","16693.93","28.99","2026-08|全球数智科技部|Tokenhub"
"2026-08","生物制药开发及生产业务部","Tokenhub","","12260837514.799995","158165974.6","12419003489.400002","12260.84","158.17","12419.0","21.57","2026-08|生物制药开发及生产业务部|Tokenhub"
"2026-08","生物制药开发及生产业务部","Bailian","","3758911673.6000004","41320643.800000004","3800232317.3999996","3758.91","41.32","3800.23","6.6","2026-08|生物制药开发及生产业务部|Bailian"
"2026-08","needs_attention","Bailian","Zhang_YuChen;atlas_control_tower;nextgen;zhu_zhibo;wu_yiling;hu_qinlong_ext;Peng_Kai;bruce_xu;feng_xiaochun;wang_wenhuan;zhang_gongyi;xas_physicochemical_analysis_assistant;zhao_wenqi;Zhang_Jun002;jiang_ke;MBR-TTP_Mapping_a_test;ALKG_Dev;he_naixuan;Wei_ShaoQiang;gao_jiahao;ian_yu","2216966390.0","160328648.0","2377295038.0","2216.97","160.33","2377.3","4.13","2026-08|needs_attention|Bailian"
"2026-08","全球数智科技部","Bailian","","1380080771.3999999","9566389.200000001","1389647160.6","1380.08","9.57","1389.65","2.41","2026-08|全球数智科技部|Bailian"
"2026-08","全球客户解决方案部","Tokenhub","","959867485.0","5844963.0","965712448.0","959.87","5.84","965.71","1.68","2026-08|全球客户解决方案部|Tokenhub"
"2026-08","全球客户解决方案部","Bailian","","801808448.0","2542371.0","804350819.0","801.81","2.54","804.35","1.4","2026-08|全球客户解决方案部|Bailian"
"2026-08","全球生物药研发业务部","Tokenhub","","590296910.0","79857369.0","670154279.0","590.3","79.86","670.15","1.16","2026-08|全球生物药研发业务部|Tokenhub"
"2026-08","全球生产部（美国及亚太区）","Bailian","","468733112.0","17185632.0","485918744.0","468.73","17.19","485.92","0.84","2026-08|全球生产部（美国及亚太区）|Bailian"
"2026-08","全球运营管理部","Tokenhub","","458766076.0","5128750.0","463894826.0","458.77","5.13","463.89","0.81","2026-08|全球运营管理部|Tokenhub"
"2026-08","全球生物药研发业务部","Bailian","","135396621.0","102798369.0","238194990.0","135.4","102.8","238.19","0.41","2026-08|全球生物药研发业务部|Bailian"
"2026-08","全球生产部（美国及亚太区）","Tokenhub","","27451855.0","2255850.0","29707705.0","27.45","2.26","29.71","0.05","2026-08|全球生产部（美国及亚太区）|Tokenhub"
"2026-08","药明合联","Tokenhub","","13571563.0","138859.0","13710422.0","13.57","0.14","13.71","0.02","2026-08|药明合联|Tokenhub"
"2026-08","全球内部审计部","Tokenhub","","8418378.0","87655.0","8506033.0","8.42","0.09","8.51","0.01","2026-08|全球内部审计部|Tokenhub"
"2026-08","药明合联","Bailian","","2146490.0","72286.0","2218776.0","2.15","0.07","2.22","0.0","2026-08|药明合联|Bailian"
"2026-08","全球质量部","Bailian","","1417385.0","208528.0","1625913.0","1.42","0.21","1.63","0.0","2026-08|全球质量部|Bailian"
"2026-08","全球生产部（美国及亚太）","Bailian","","190522.0","757.0","191279.0","0.19","0.0","0.19","0.0","2026-08|全球生产部（美国及亚太）|Bailian"
"2026-09","needs_attention","Tokenhub","D4X;atlas_control_tower;du_zefang;feng_xiaochun;jiang_ke;nextgen;wang_wenhuan;wang_yuxi_ext;wu_yiling;zhu_zhibo;gao_jiahao;hu_qinlong_ext;huang_chunyan_ext;lu_jiajin002;sophia_jiao;wang_hai;wu_tingyi002;wu_zhongyi;xas_project_management_assistant;xia_weiyi;xu_lei;zhang_yu_ext;zhao_dongsheng;zhao_wenqi;missing_consumer;Zhang_YuChen;xu_weibing;Shen_Jialiang;zhang_gongyi;ian_yu;nexgen","7246377919.0","132278812.0","7378656731.0","7246.38","132.28","7378.66","22.79","2026-09|needs_attention|Tokenhub"
"2026-09","全球数智科技部","Tokenhub","","6985333283.4000025","77766380.59999996","7063099663.999998","6985.33","77.77","7063.1","21.82","2026-09|全球数智科技部|Tokenhub"
"2026-09","生物制药开发及生产业务部","Tokenhub","","4215577011.6","50703980.40000003","4266280992.000002","4215.58","50.7","4266.28","13.18","2026-09|生物制药开发及生产业务部|Tokenhub"
"2026-09","全球生物药研发业务部","Tokenhub","","2512197798.0","1716343600.0","4228541398.0","2512.2","1716.34","4228.54","13.06","2026-09|全球生物药研发业务部|Tokenhub"
"2026-09","needs_attention","Bailian","Peng_Kai;Zhang_YuChen;atlas_control_tower;jiang_ke;nextgen;xas_physicochemical_analysis_assistant;zhu_zhibo;wu_yiling;hu_qinlong_ext;zhang_gongyi;ALKG_Dev;zhao_wenqi;wang_wenhuan;feng_xiaochun;MBR-TTP_Mapping_a_test;gao_jiahao;xu_weibing","2722105473.0","256495993.0","2978601466.0","2722.11","256.5","2978.6","9.2","2026-09|needs_attention|Bailian"
"2026-09","全球客户解决方案部","Tokenhub","","2484707542.0","24010556.0","2508718098.0","2484.71","24.01","2508.72","7.75","2026-09|全球客户解决方案部|Tokenhub"
"2026-09","生物制药开发及生产业务部","Bailian","","2307037596.7999997","18304055.400000002","2325341652.2","2307.04","18.3","2325.34","7.18","2026-09|生物制药开发及生产业务部|Bailian"
"2026-09","全球生产部（美国及亚太区）","Bailian","","525924904.0","89191395.0","615116299.0","525.92","89.19","615.12","1.9","2026-09|全球生产部（美国及亚太区）|Bailian"
"2026-09","全球客户解决方案部","Bailian","","306532240.0","2283633.0","308815873.0","306.53","2.28","308.82","0.95","2026-09|全球客户解决方案部|Bailian"
"2026-09","全球数智科技部","Bailian","","204131491.20000002","1831577.5999999999","205963068.79999998","204.13","1.83","205.96","0.64","2026-09|全球数智科技部|Bailian"
"2026-09","全球运营管理部","Tokenhub","","187465510.0","1336738.0","188802248.0","187.47","1.34","188.8","0.58","2026-09|全球运营管理部|Tokenhub"
"2026-09","全球生物药研发业务部","Bailian","","159288870.0","10818331.0","170107201.0","159.29","10.82","170.11","0.53","2026-09|全球生物药研发业务部|Bailian"
"2026-09","药明合联","Tokenhub","","130185824.0","895837.0","131081661.0","130.19","0.9","131.08","0.4","2026-09|药明合联|Tokenhub"
"2026-09","全球内部审计部","Tokenhub","","739116.0","3587.0","742703.0","0.74","0.0","0.74","0.0","2026-09|全球内部审计部|Tokenhub"
"2026-09","全球质量部","Bailian","","222804.0","29888.0","252692.0","0.22","0.03","0.25","0.0","2026-09|全球质量部|Bailian"
"2026-09","药明合联","Bailian","","168252.0","6864.0","175116.0","0.17","0.01","0.18","0.0","2026-09|药明合联|Bailian"
"2026-09","全球运营管理部","Bailian","","29819.0","74986.0","104805.0","0.03","0.07","0.1","0.0","2026-09|全球运营管理部|Bailian"
"2026-09","全球生产部（美国及亚太）","Bailian","","3026.0","564.0","3590.0","0.0","0.0","0.0","0.0","2026-09|全球生产部（美国及亚太）|Bailian"
